{"cameraMode":{"drawMode":0,"name":"Shaded","section":"Shading Mode"},"sceneLighting":true,"audioPlay":false,"sceneViewState":{"m_AlwaysRefresh":false,"showFog":true,"showSkybox":false,"showFlares":true,"showImageEffects":true,"showParticleSystems":true,"showVisualEffectGraphs":true,"m_FxEnabled":true},"in2DMode":false,"pivot":{"x":-0.08900657296180725,"y":1.2672395706176758,"z":-0.06388144195079804},"rotation":{"x":-0.0004256240208633244,"y":0.9984583854675293,"z":-0.046863701194524768,"w":0.040555261075496677},"size":0.5157164335250855,"orthographic":false}