{"cameraMode":{"drawMode":0,"name":"Shaded","section":"Shading Mode"},"sceneLighting":true,"audioPlay":false,"sceneViewState":{"m_AlwaysRefresh":false,"showFog":true,"showSkybox":false,"showFlares":true,"showImageEffects":true,"showParticleSystems":true,"showVisualEffectGraphs":true,"m_FxEnabled":true},"in2DMode":false,"pivot":{"x":0.7459977865219116,"y":1.4062819480895997,"z":-1.5997631549835206},"rotation":{"x":-0.0019413987174630166,"y":1.000191330909729,"z":-0.004765843972563744,"w":-0.022509317845106126},"size":1.2221808433532715,"orthographic":false}