{"cameraMode":{"drawMode":0,"name":"Shaded","section":"Shading Mode"},"sceneLighting":true,"audioPlay":false,"sceneViewState":{"m_AlwaysRefresh":false,"showFog":true,"showSkybox":false,"showFlares":true,"showImageEffects":true,"showParticleSystems":true,"showVisualEffectGraphs":true,"m_FxEnabled":true},"in2DMode":false,"pivot":{"x":-2.097691774368286,"y":0.8947440385818481,"z":-0.6169432401657105},"rotation":{"x":-0.0008811274310573936,"y":-0.9993302822113037,"z":0.039325498044490817,"w":-0.03687957301735878},"size":1.0349817276000977,"orthographic":false}