{"cameraMode":{"drawMode":0,"name":"Shaded","section":"Shading Mode"},"sceneLighting":true,"audioPlay":false,"sceneViewState":{"m_AlwaysRefresh":false,"showFog":true,"showSkybox":false,"showFlares":true,"showImageEffects":true,"showParticleSystems":true,"showVisualEffectGraphs":true,"m_FxEnabled":true},"in2DMode":false,"pivot":{"x":1.8079991340637208,"y":1.4367249011993409,"z":-0.05889876186847687},"rotation":{"x":0.002138743409886956,"y":0.9980869889259338,"z":0.046152155846357349,"w":-0.05397745221853256},"size":0.25565868616104128,"orthographic":false}