{"cameraMode":{"drawMode":0,"name":"Shaded","section":"Shading Mode"},"sceneLighting":false,"audioPlay":false,"sceneViewState":{"m_AlwaysRefresh":false,"showFog":false,"showSkybox":false,"showFlares":false,"showImageEffects":false,"showParticleSystems":false,"showVisualEffectGraphs":true,"m_FxEnabled":true},"in2DMode":false,"pivot":{"x":-0.1373290717601776,"y":1.0222268104553223,"z":-0.027580946683883668},"rotation":{"x":0.013933630660176278,"y":-0.9878706336021423,"z":0.10729645937681198,"w":0.11870923638343811},"size":1.2163381576538087,"orthographic":false}